{"type": "metrics", "dataset": "train", "precision": 0.7034400948991696, "balanced_accuracy": 0.665145760218474, "recall": 0.3765079365079365, "f1_score": 0.4904880066170389}
{"type": "metrics", "dataset": "test", "precision": 0.6752293577981652, "balanced_accuracy": 0.6680497595974464, "recall": 0.3861490031479538, "f1_score": 0.49132176234979974}
{"type": "cm_matrix", "dataset": "train", "true_0": {"predicted_0": 15478, "predicted_1": 750}, "true_1": {"predicted_0": 2946, "predicted_1": 1779}}
{"type": "cm_matrix", "dataset": "test", "true_0": {"predicted_0": 6719, "predicted_1": 354}, "true_1": {"predicted_0": 1170, "predicted_1": 736}}
